 TTN Supply ," 1,000,000,000.00 ",,,,, TGE UNLOCK ,, CUSTOM DAYS ,,, MONTH 1 UNLOCK ,, MONTH 2 UNLOCK ,, MONTH 3 UNLOCK ,, MONTH 4 UNLOCK ,, MONTH 5 UNLOCK ,, MONTH 6 UNLOCK ,, MONTH 7 UNLOCK ,, MONTH 8 UNLOCK ,, MONTH 9 UNLOCK ,, MONTH 10 UNLOCK ,, MONTH 11 UNLOCK ,, MONTH 12 UNLOCK ,, MONTH 13 UNLOCK ,, MONTH 14 UNLOCK ,, MONTH 15 UNLOCK ,, MONTH 16 UNLOCK ,, MONTH 17 UNLOCK ,, MONTH 18 UNLOCK ,,,,,,,,,,,,,,,,,,,,,,,,,,,,,,,,,,,,,,,,,,,,,,,,,,,,,,,,,,,,,,,,,,,,,,
 Name , Allocation ,Supply %, Wallet Label , Vesting & Unlock schedule , Wallet Addresses , % , AMOUNT , % , DAYS , AMOUNT , % , AMOUNT , % , AMOUNT , % , AMOUNT , % , AMOUNT , % , AMOUNT , % , AMOUNT , % , AMOUNT , % , AMOUNT , % , AMOUNT , % , AMOUNT , % , AMOUNT , % , AMOUNT , % , AMOUNT , % , AMOUNT , % , AMOUNT , % , AMOUNT , % , AMOUNT , % , AMOUNT ,,,,,,,,,,,,,,,,,,,,,,,,,,,,,,,,,,,,,,,,,,,,,,,,,,,,,,,,,,,,,,,,,,,,,
 @ManLy16 ," 41,333.00 ",0.004%, Salad KOL , 25% every month from TGE onwards ,0x72c1de2d2e0e4c406026c3d55b8c9e4e05da3960,25%," 10,333.25 ",,,,25%," 10,333.25 ",25%," 10,333.25 ",25%," 10,333.25 ",,,,,,,,,,,,,,,,,,,,,,,,,,,,,,,,,,,,,,,,,,,,,,,,,,,,,,,,,,,,,,,,,,,,,,,,,,,,,,,,,,,,,,,,,,,,,,,,,,,
 @SeniorDeFi ," 38,667.00 ",0.004%, Salad KOL , 25% every month from TGE onwards ,0x5696EE184E8FEB538B1D98203B0f21924c658C3B,25%," 9,666.75 ",,,,25%," 9,666.75 ",25%," 9,666.75 ",25%," 9,666.75 ",,,,,,,,,,,,,,,,,,,,,,,,,,,,,,,,,,,,,,,,,,,,,,,,,,,,,,,,,,,,,,,,,,,,,,,,,,,,,,,,,,,,,,,,,,,,,,,,,,,
 @aisarcore ," 23,333.00 ",0.002%, Salad KOL , 25% every month from TGE onwards ,0x07b90441C99dbF3bc41725563704E6F57C7044dc,25%," 5,833.25 ",,,,25%," 5,833.25 ",25%," 5,833.25 ",25%," 5,833.25 ",,,,,,,,,,,,,,,,,,,,,,,,,,,,,,,,,,,,,,,,,,,,,,,,,,,,,,,,,,,,,,,,,,,,,,,,,,,,,,,,,,,,,,,,,,,,,,,,,,,
 @andrewtalksbusinesss ," 42,333.00 ",0.004%, Salad KOL , 25% every month from TGE onwards ,0x01766ba52220bf2b899ec127b0051c935b99f49f,25%," 10,583.25 ",,,,25%," 10,583.25 ",25%," 10,583.25 ",25%," 10,583.25 ",,,,,,,,,,,,,,,,,,,,,,,,,,,,,,,,,,,,,,,,,,,,,,,,,,,,,,,,,,,,,,,,,,,,,,,,,,,,,,,,,,,,,,,,,,,,,,,,,,,
 @dacryptogeneral ," 90,667.00 ",0.009%, Salad KOL , 25% every month from TGE onwards ,0x0d72A7AD2bA11ac7A950A276B4D6cD30DF56FEEe,25%," 22,666.75 ",,,,25%," 22,666.75 ",25%," 22,666.75 ",25%," 22,666.75 ",,,,,,,,,,,,,,,,,,,,,,,,,,,,,,,,,,,,,,,,,,,,,,,,,,,,,,,,,,,,,,,,,,,,,,,,,,,,,,,,,,,,,,,,,,,,,,,,,,,
 @dani_unss ," 77,333.00 ",0.008%, Salad KOL , 25% every month from TGE onwards ,0x57143Bb2c201B43bD26B4Be705a4f09f295421e1,25%," 19,333.25 ",,,,25%," 19,333.25 ",25%," 19,333.25 ",25%," 19,333.25 ",,,,,,,,,,,,,,,,,,,,,,,,,,,,,,,,,,,,,,,,,,,,,,,,,,,,,,,,,,,,,,,,,,,,,,,,,,,,,,,,,,,,,,,,,,,,,,,,,,,
 @katherinexbt01 ," 19,333.00 ",0.002%, Salad KOL , 25% every month from TGE onwards ,0x85ed89CF529d549FDcb60d9e72078E4f18aa30F3,25%," 4,833.25 ",,,,25%," 4,833.25 ",25%," 4,833.25 ",25%," 4,833.25 ",,,,,,,,,,,,,,,,,,,,,,,,,,,,,,,,,,,,,,,,,,,,,,,,,,,,,,,,,,,,,,,,,,,,,,,,,,,,,,,,,,,,,,,,,,,,,,,,,,,
 @worldpu ," 83,333.00 ",0.008%, Salad KOL , 25% every month from TGE onwards ,0xCACEeBfD2E88ce3741dd45622cDf5D2f3166e8f5,25%," 20,833.25 ",,,,25%," 20,833.25 ",25%," 20,833.25 ",25%," 20,833.25 ",,,,,,,,,,,,,,,,,,,,,,,,,,,,,,,,,,,,,,,,,,,,,,,,,,,,,,,,,,,,,,,,,,,,,,,,,,,,,,,,,,,,,,,,,,,,,,,,,,,
 @hodl_cte ," 16,667.00 ",0.002%, Salad KOL , 25% every month from TGE onwards ,0xfcA85f35f489ebAbA486FD12A8B0CAafF600BB04,25%," 4,166.75 ",,,,25%," 4,166.75 ",25%," 4,166.75 ",25%," 4,166.75 ",,,,,,,,,,,,,,,,,,,,,,,,,,,,,,,,,,,,,,,,,,,,,,,,,,,,,,,,,,,,,,,,,,,,,,,,,,,,,,,,,,,,,,,,,,,,,,,,,,,
 @MortyWeb3 ," 54,000.00 ",0.005%, Salad KOL , 25% every month from TGE onwards ,0x31CA1b9f7d00E7cAd4579652062c2C4b551e0A29,25%," 13,500.00 ",,,,25%," 13,500.00 ",25%," 13,500.00 ",25%," 13,500.00 ",,,,,,,,,,,,,,,,,,,,,,,,,,,,,,,,,,,,,,,,,,,,,,,,,,,,,,,,,,,,,,,,,,,,,,,,,,,,,,,,,,,,,,,,,,,,,,,,,,,
 @Thegemsh ," 60,000.00 ",0.006%, Salad KOL , 25% every month from TGE onwards ,0xc445b517f51f37878280c37c44664f1eb3ca8810,25%," 15,000.00 ",,,,25%," 15,000.00 ",25%," 15,000.00 ",25%," 15,000.00 ",,,,,,,,,,,,,,,,,,,,,,,,,,,,,,,,,,,,,,,,,,,,,,,,,,,,,,,,,,,,,,,,,,,,,,,,,,,,,,,,,,,,,,,,,,,,,,,,,,,
 @BullOfWeb3 ," 18,667.00 ",0.002%, Salad KOL , 25% every month from TGE onwards ,0xe1A6E50E56867b22d5A30cF9c5d83E96EE43F7f3,25%," 4,666.75 ",,,,25%," 4,666.75 ",25%," 4,666.75 ",25%," 4,666.75 ",,,,,,,,,,,,,,,,,,,,,,,,,,,,,,,,,,,,,,,,,,,,,,,,,,,,,,,,,,,,,,,,,,,,,,,,,,,,,,,,,,,,,,,,,,,,,,,,,,,
 @dacryptopirates ," 19,000.00 ",0.002%, Salad KOL , 25% every month from TGE onwards ,0xc7cf4ab65593e0de5b68799ee04eabc5789bf89e,25%," 4,750.00 ",,,,25%," 4,750.00 ",25%," 4,750.00 ",25%," 4,750.00 ",,,,,,,,,,,,,,,,,,,,,,,,,,,,,,,,,,,,,,,,,,,,,,,,,,,,,,,,,,,,,,,,,,,,,,,,,,,,,,,,,,,,,,,,,,,,,,,,,,,
 @alphagemx1 ," 24,000.00 ",0.002%, Salad KOL , 25% every month from TGE onwards ,0x4E0965fec81519BEc6882D1EB8D4f022cc0B3A31,25%," 6,000.00 ",,,,25%," 6,000.00 ",25%," 6,000.00 ",25%," 6,000.00 ",,,,,,,,,,,,,,,,,,,,,,,,,,,,,,,,,,,,,,,,,,,,,,,,,,,,,,,,,,,,,,,,,,,,,,,,,,,,,,,,,,,,,,,,,,,,,,,,,,,
 @favgguy ," 20,000.00 ",0.002%, Salad KOL , 25% every month from TGE onwards ,0xbD41a5F656116F23Eca55F40AAdAA2Dada35ccC1,25%," 5,000.00 ",,,,25%," 5,000.00 ",25%," 5,000.00 ",25%," 5,000.00 ",,,,,,,,,,,,,,,,,,,,,,,,,,,,,,,,,,,,,,,,,,,,,,,,,,,,,,,,,,,,,,,,,,,,,,,,,,,,,,,,,,,,,,,,,,,,,,,,,,,
 @BigTudor ," 15,333.00 ",0.002%, Salad KOL , 25% every month from TGE onwards ,0x9c0e8a6fd245be8f7b21F1F3B20686c6F8F2cB54,25%," 3,833.25 ",,,,25%," 3,833.25 ",25%," 3,833.25 ",25%," 3,833.25 ",,,,,,,,,,,,,,,,,,,,,,,,,,,,,,,,,,,,,,,,,,,,,,,,,,,,,,,,,,,,,,,,,,,,,,,,,,,,,,,,,,,,,,,,,,,,,,,,,,,
 @michiganboy1 ," 6,667.00 ",0.001%, Salad KOL , 25% every month from TGE onwards ,0x5a6825c47722802849fbb62560d55ee0ad7cbb13,25%," 1,666.75 ",,,,25%," 1,666.75 ",25%," 1,666.75 ",25%," 1,666.75 ",,,,,,,,,,,,,,,,,,,,,,,,,,,,,,,,,,,,,,,,,,,,,,,,,,,,,,,,,,,,,,,,,,,,,,,,,,,,,,,,,,,,,,,,,,,,,,,,,,,
 @Krii2krypt ," 12,667.00 ",0.001%, Salad KOL , 25% every month from TGE onwards ,0x5472c1b13adac595dace23f7d4796a25b324a0de,25%," 3,166.75 ",,,,25%," 3,166.75 ",25%," 3,166.75 ",25%," 3,166.75 ",,,,,,,,,,,,,,,,,,,,,,,,,,,,,,,,,,,,,,,,,,,,,,,,,,,,,,,,,,,,,,,,,,,,,,,,,,,,,,,,,,,,,,,,,,,,,,,,,,,
 @Elikrypto ," 34,667.00 ",0.003%, Salad KOL , 25% every month from TGE onwards ,0x41FA23a83a042Aba768CBe582c86fE809CAB8607,25%," 8,666.75 ",,,,25%," 8,666.75 ",25%," 8,666.75 ",25%," 8,666.75 ",,,,,,,,,,,,,,,,,,,,,,,,,,,,,,,,,,,,,,,,,,,,,,,,,,,,,,,,,,,,,,,,,,,,,,,,,,,,,,,,,,,,,,,,,,,,,,,,,,,
 @km_crypton ," 1,333.00 ",0.000%, Salad KOL , 25% every month from TGE onwards ,0x60b19e00d5a7Bc94DC0E990A82d0E4dBdBC7E5Da,25%, 333.25 ,,,,25%, 333.25 ,25%, 333.25 ,25%, 333.25 ,,,,,,,,,,,,,,,,,,,,,,,,,,,,,,,,,,,,,,,,,,,,,,,,,,,,,,,,,,,,,,,,,,,,,,,,,,,,,,,,,,,,,,,,,,,,,,,,,,,
 @WatchmanDevv ," 8,000.00 ",0.001%, Salad KOL , 25% every month from TGE onwards ,0x645b9cd14e1dfe92c5fce3bed80bb3ad44230854,25%," 2,000.00 ",,,,25%," 2,000.00 ",25%," 2,000.00 ",25%," 2,000.00 ",,,,,,,,,,,,,,,,,,,,,,,,,,,,,,,,,,,,,,,,,,,,,,,,,,,,,,,,,,,,,,,,,,,,,,,,,,,,,,,,,,,,,,,,,,,,,,,,,,,
 @kenkrypt12 ," 7,000.00 ",0.001%, Salad KOL , 25% every month from TGE onwards ,0x2659517be1db8Fc06Da72d12dF1FEb6837c47836,25%," 1,750.00 ",,,,25%," 1,750.00 ",25%," 1,750.00 ",25%," 1,750.00 ",,,,,,,,,,,,,,,,,,,,,,,,,,,,,,,,,,,,,,,,,,,,,,,,,,,,,,,,,,,,,,,,,,,,,,,,,,,,,,,,,,,,,,,,,,,,,,,,,,,
 @ozithe0x ," 21,000.00 ",0.002%, Salad KOL , 25% every month from TGE onwards ,0x7C48A53e7745e1d84F4a1212Ab1F33268f91A919,25%," 5,250.00 ",,,,25%," 5,250.00 ",25%," 5,250.00 ",25%," 5,250.00 ",,,,,,,,,,,,,,,,,,,,,,,,,,,,,,,,,,,,,,,,,,,,,,,,,,,,,,,,,,,,,,,,,,,,,,,,,,,,,,,,,,,,,,,,,,,,,,,,,,,
 @the_cryptomajor ," 10,000.00 ",0.001%, Salad KOL , 25% every month from TGE onwards ,0xfDEBf898843f8AfAc056Ec47f606468918Efd6bf,25%," 2,500.00 ",,,,25%," 2,500.00 ",25%," 2,500.00 ",25%," 2,500.00 ",,,,,,,,,,,,,,,,,,,,,,,,,,,,,,,,,,,,,,,,,,,,,,,,,,,,,,,,,,,,,,,,,,,,,,,,,,,,,,,,,,,,,,,,,,,,,,,,,,,
 @scarlet_CT ," 8,000.00 ",0.001%, Salad KOL , 25% every month from TGE onwards ,0x620759fFf9b857249b9ef45bf42F410128edD75f,25%," 2,000.00 ",,,,25%," 2,000.00 ",25%," 2,000.00 ",25%," 2,000.00 ",,,,,,,,,,,,,,,,,,,,,,,,,,,,,,,,,,,,,,,,,,,,,,,,,,,,,,,,,,,,,,,,,,,,,,,,,,,,,,,,,,,,,,,,,,,,,,,,,,,
 @Crypto_Rexy ," 4,000.00 ",0.000%, Salad KOL , 25% every month from TGE onwards ,0x0A767Bde436d9DdA8A5948966459a69723e087Ff,25%," 1,000.00 ",,,,25%," 1,000.00 ",25%," 1,000.00 ",25%," 1,000.00 ",,,,,,,,,,,,,,,,,,,,,,,,,,,,,,,,,,,,,,,,,,,,,,,,,,,,,,,,,,,,,,,,,,,,,,,,,,,,,,,,,,,,,,,,,,,,,,,,,,,
 @Cobie_guyx ," 14,667.00 ",0.001%, Salad KOL , 25% every month from TGE onwards ,0x84b9767e4b7aa603535e242012d62dde9f165da4,25%," 3,666.75 ",,,,25%," 3,666.75 ",25%," 3,666.75 ",25%," 3,666.75 ",,,,,,,,,,,,,,,,,,,,,,,,,,,,,,,,,,,,,,,,,,,,,,,,,,,,,,,,,,,,,,,,,,,,,,,,,,,,,,,,,,,,,,,,,,,,,,,,,,,
 @icebag_ice ," 10,000.00 ",0.001%, Salad KOL , 25% every month from TGE onwards ,0xa3a9ef6829487b75b2adcd019b5aa22d7c4d8d1a,25%," 2,500.00 ",,,,25%," 2,500.00 ",25%," 2,500.00 ",25%," 2,500.00 ",,,,,,,,,,,,,,,,,,,,,,,,,,,,,,,,,,,,,,,,,,,,,,,,,,,,,,,,,,,,,,,,,,,,,,,,,,,,,,,,,,,,,,,,,,,,,,,,,,,
 @kryptJoe_1 ," 5,333.00 ",0.001%, Salad KOL , 25% every month from TGE onwards ,0x6a42Fa80F13754334A1EA663c9873bf0D086AE5B,25%," 1,333.25 ",,,,25%," 1,333.25 ",25%," 1,333.25 ",25%," 1,333.25 ",,,,,,,,,,,,,,,,,,,,,,,,,,,,,,,,,,,,,,,,,,,,,,,,,,,,,,,,,,,,,,,,,,,,,,,,,,,,,,,,,,,,,,,,,,,,,,,,,,,
 @titanwars_xyz ," 14,667.00 ",0.001%, Salad KOL , 25% every month from TGE onwards ,0x2410D5391Bb130d24B71680B613d30c489638BCF,25%," 3,666.75 ",,,,25%," 3,666.75 ",25%," 3,666.75 ",25%," 3,666.75 ",,,,,,,,,,,,,,,,,,,,,,,,,,,,,,,,,,,,,,,,,,,,,,,,,,,,,,,,,,,,,,,,,,,,,,,,,,,,,,,,,,,,,,,,,,,,,,,,,,,
 @krypto_benzai ," 40,000.00 ",0.004%, Salad KOL , 25% every month from TGE onwards ,0x4f2b41c26D715d54a28bE91154067b050237D233,25%," 10,000.00 ",,,,25%," 10,000.00 ",25%," 10,000.00 ",25%," 10,000.00 ",,,,,,,,,,,,,,,,,,,,,,,,,,,,,,,,,,,,,,,,,,,,,,,,,,,,,,,,,,,,,,,,,,,,,,,,,,,,,,,,,,,,,,,,,,,,,,,,,,,
 @Primeblue999 ," 1,000.00 ",0.000%, Salad KOL , 25% every month from TGE onwards ,0x6D3C7da0BDB8028a1bdE4Ee98F654005A74dE189,25%, 250.00 ,,,,25%, 250.00 ,25%, 250.00 ,25%, 250.00 ,,,,,,,,,,,,,,,,,,,,,,,,,,,,,,,,,,,,,,,,,,,,,,,,,,,,,,,,,,,,,,,,,,,,,,,,,,,,,,,,,,,,,,,,,,,,,,,,,,,
 Supremejay1 ," 3,333.00 ",0.000%, Salad KOL , 25% every month from TGE onwards ,0xA16e842c4a12C82c8Cb4d801C22e72fB5E03DF63,25%, 833.25 ,,,,25%, 833.25 ,25%, 833.25 ,25%, 833.25 ,,,,,,,,,,,,,,,,,,,,,,,,,,,,,,,,,,,,,,,,,,,,,,,,,,,,,,,,,,,,,,,,,,,,,,,,,,,,,,,,,,,,,,,,,,,,,,,,,,,
 @kryptobts1 ," 6,667.00 ",0.001%, Salad KOL , 25% every month from TGE onwards ,0x0d128b94E62A7e508CEb72892CFffdb8dC3CF970,25%," 1,666.75 ",,,,25%," 1,666.75 ",25%," 1,666.75 ",25%," 1,666.75 ",,,,,,,,,,,,,,,,,,,,,,,,,,,,,,,,,,,,,,,,,,,,,,,,,,,,,,,,,,,,,,,,,,,,,,,,,,,,,,,,,,,,,,,,,,,,,,,,,,,
 @cryptoalectrona ," 4,667.00 ",0.000%, Salad KOL , 25% every month from TGE onwards ,0x20d2b019aaDa101631F619536084B72fA9B26066,25%," 1,166.75 ",,,,25%," 1,166.75 ",25%," 1,166.75 ",25%," 1,166.75 ",,,,,,,,,,,,,,,,,,,,,,,,,,,,,,,,,,,,,,,,,,,,,,,,,,,,,,,,,,,,,,,,,,,,,,,,,,,,,,,,,,,,,,,,,,,,,,,,,,,
 @maru230815 ," 8,000.00 ",0.001%, Salad KOL , 25% every month from TGE onwards ,0xD5c2F697F1d04734E0F98A423fCA2d20A16dc273,25%," 2,000.00 ",,,,25%," 2,000.00 ",25%," 2,000.00 ",25%," 2,000.00 ",,,,,,,,,,,,,,,,,,,,,,,,,,,,,,,,,,,,,,,,,,,,,,,,,,,,,,,,,,,,,,,,,,,,,,,,,,,,,,,,,,,,,,,,,,,,,,,,,,,
 @kryptocrusader ," 7,333.00 ",0.001%, Salad KOL , 25% every month from TGE onwards ,0xCf9f5A17158aA014fDa69c1A8e40747a9881Af75,25%," 1,833.25 ",,,,25%," 1,833.25 ",25%," 1,833.25 ",25%," 1,833.25 ",,,,,,,,,,,,,,,,,,,,,,,,,,,,,,,,,,,,,,,,,,,,,,,,,,,,,,,,,,,,,,,,,,,,,,,,,,,,,,,,,,,,,,,,,,,,,,,,,,,
 @crypt0drey ," 20,000.00 ",0.002%, Salad KOL , 25% every month from TGE onwards ,0x6De45dFcF9D5B698BcD2f86B4c90F95312EC9a4F,25%," 5,000.00 ",,,,25%," 5,000.00 ",25%," 5,000.00 ",25%," 5,000.00 ",,,,,,,,,,,,,,,,,,,,,,,,,,,,,,,,,,,,,,,,,,,,,,,,,,,,,,,,,,,,,,,,,,,,,,,,,,,,,,,,,,,,,,,,,,,,,,,,,,,
 @pumplab100 ," 7,000.00 ",0.001%, Salad KOL , 25% every month from TGE onwards ,0x77d932251A227fb2A48aC30Fac953E282D648697,25%," 1,750.00 ",,,,25%," 1,750.00 ",25%," 1,750.00 ",25%," 1,750.00 ",,,,,,,,,,,,,,,,,,,,,,,,,,,,,,,,,,,,,,,,,,,,,,,,,,,,,,,,,,,,,,,,,,,,,,,,,,,,,,,,,,,,,,,,,,,,,,,,,,,
 MAIN SALAD ," 100,000.00 ",0.010%, Partner F , 25% every month from TGE onwards ,0x37C84d619787A953366e2d637f44a7dE56523346,25%," 25,000.00 ",,,,25%," 25,000.00 ",25%," 25,000.00 ",25%," 25,000.00 ",,,,,,,,,,,,,,,,,,,,,,,,,,,,,,,,,,,,,,,,,,,,,,,,,,,,,,,,,,,,,,,,,,,,,,,,,,,,,,,,,,,,,,,,,,,,,,,,,,,
," 100,000.00 ",0.010%, Kaika KOL ,20% @TGE & linear vesting over 3 months,0x5463CB72e45b1A2f3fA73c4BB57c40074776432C,20%," 20,000.00 ",,,,27%," 27,000.00 ",26%," 26,000.00 ",27%," 27,000.00 ",,,,,,,,,,,,,,,,,,,,,,,,,,,,,,,,,,,,,,,,,,,,,,,,,,,,,,,,,,,,,,,,,,,,,,,,,,,,,,,,,,,,,,,,,,,,,,,,,,,
," 80,000.00 ",0.008%, Kaika KOL ,20% @TGE & linear vesting over 3 months,0xE12099d75E017d39646b832407eff456C763Df99,20%," 16,000.00 ",,,,27%," 21,600.00 ",26%," 20,800.00 ",27%," 21,600.00 ",,,,,,,,,,,,,,,,,,,,,,,,,,,,,,,,,,,,,,,,,,,,,,,,,,,,,,,,,,,,,,,,,,,,,,,,,,,,,,,,,,,,,,,,,,,,,,,,,,,
," 60,000.00 ",0.006%, Kaika KOL ,20% @TGE & linear vesting over 3 months,0x99EDE7FeC7CA75B461Dc4F3693B06054E3a95aE0,20%," 12,000.00 ",,,,27%," 16,200.00 ",26%," 15,600.00 ",27%," 16,200.00 ",,,,,,,,,,,,,,,,,,,,,,,,,,,,,,,,,,,,,,,,,,,,,,,,,,,,,,,,,,,,,,,,,,,,,,,,,,,,,,,,,,,,,,,,,,,,,,,,,,,
," 66,666.67 ",0.007%, Kaika KOL ,20% @TGE & linear vesting over 3 months,0x644d7F66445c3ba14026327051F85c44f97E7BfA,20%," 13,333.33 ",,,,27%," 18,000.00 ",26%," 17,333.33 ",27%," 18,000.00 ",,,,,,,,,,,,,,,,,,,,,,,,,,,,,,,,,,,,,,,,,,,,,,,,,,,,,,,,,,,,,,,,,,,,,,,,,,,,,,,,,,,,,,,,,,,,,,,,,,,
," 80,000.00 ",0.008%, Kaika KOL ,20% @TGE & linear vesting over 3 months,0x63baa869E7C15aFb918d78e0A8dAba6561769D5B,20%," 16,000.00 ",,,,27%," 21,600.00 ",26%," 20,800.00 ",27%," 21,600.00 ",,,,,,,,,,,,,,,,,,,,,,,,,,,,,,,,,,,,,,,,,,,,,,,,,,,,,,,,,,,,,,,,,,,,,,,,,,,,,,,,,,,,,,,,,,,,,,,,,,,
," 33,333.33 ",0.003%, Kaika KOL ,20% @TGE & linear vesting over 3 months,0xf87ea758eC54b00cDA7C54b7a6ef2D032F166554,20%," 6,666.67 ",,,,27%," 9,000.00 ",26%," 8,666.67 ",27%," 9,000.00 ",,,,,,,,,,,,,,,,,,,,,,,,,,,,,,,,,,,,,,,,,,,,,,,,,,,,,,,,,,,,,,,,,,,,,,,,,,,,,,,,,,,,,,,,,,,,,,,,,,,
," 66,666.67 ",0.007%, Kaika KOL ,20% @TGE & linear vesting over 3 months,0xf52a30397151c77e732fa5defb9347359c52a141,20%," 13,333.33 ",,,,27%," 18,000.00 ",26%," 17,333.33 ",27%," 18,000.00 ",,,,,,,,,,,,,,,,,,,,,,,,,,,,,,,,,,,,,,,,,,,,,,,,,,,,,,,,,,,,,,,,,,,,,,,,,,,,,,,,,,,,,,,,,,,,,,,,,,,
," 116,666.67 ",0.012%, Kaika KOL ,20% @TGE & linear vesting over 3 months,0x6F1D32c9f0CE39e995370C7d3dfE1AC897fDAAc2,20%," 23,333.33 ",,,,27%," 31,500.00 ",26%," 30,333.33 ",27%," 31,500.00 ",,,,,,,,,,,,,,,,,,,,,,,,,,,,,,,,,,,,,,,,,,,,,,,,,,,,,,,,,,,,,,,,,,,,,,,,,,,,,,,,,,,,,,,,,,,,,,,,,,,
," 116,666.67 ",0.012%, Kaika KOL ,20% @TGE & linear vesting over 3 months,0xd52F264D5400f5B0035258f3D195bF61189BeD4c,20%," 23,333.33 ",,,,27%," 31,500.00 ",26%," 30,333.33 ",27%," 31,500.00 ",,,,,,,,,,,,,,,,,,,,,,,,,,,,,,,,,,,,,,,,,,,,,,,,,,,,,,,,,,,,,,,,,,,,,,,,,,,,,,,,,,,,,,,,,,,,,,,,,,,
," 86,666.67 ",0.009%, Kaika KOL ,20% @TGE & linear vesting over 3 months,0x0869ddDD3a8974807E262379011cc31C4712C587,20%," 17,333.33 ",,,,27%," 23,400.00 ",26%," 22,533.33 ",27%," 23,400.00 ",,,,,,,,,,,,,,,,,,,,,,,,,,,,,,,,,,,,,,,,,,,,,,,,,,,,,,,,,,,,,,,,,,,,,,,,,,,,,,,,,,,,,,,,,,,,,,,,,,,
," 33,333.33 ",0.003%, Kaika KOL ,20% @TGE & linear vesting over 3 months,0xe50AFD71667d874Eba67321F00d115936A605E4D,20%," 6,666.67 ",,,,27%," 9,000.00 ",26%," 8,666.67 ",27%," 9,000.00 ",,,,,,,,,,,,,,,,,,,,,,,,,,,,,,,,,,,,,,,,,,,,,,,,,,,,,,,,,,,,,,,,,,,,,,,,,,,,,,,,,,,,,,,,,,,,,,,,,,,
," 26,666.67 ",0.003%, Kaika KOL ,20% @TGE & linear vesting over 3 months,0x1C81fB7100276Aef766092E16CFcF61097E97A5D,20%," 5,333.33 ",,,,27%," 7,200.00 ",26%," 6,933.33 ",27%," 7,200.00 ",,,,,,,,,,,,,,,,,,,,,,,,,,,,,,,,,,,,,,,,,,,,,,,,,,,,,,,,,,,,,,,,,,,,,,,,,,,,,,,,,,,,,,,,,,,,,,,,,,,
," 40,000.00 ",0.004%, Kaika KOL ,20% @TGE & linear vesting over 3 months,0x00a2F49eF88b5BA48a095421070db3219661baA3,20%," 8,000.00 ",,,,27%," 10,800.00 ",26%," 10,400.00 ",27%," 10,800.00 ",,,,,,,,,,,,,,,,,,,,,,,,,,,,,,,,,,,,,,,,,,,,,,,,,,,,,,,,,,,,,,,,,,,,,,,,,,,,,,,,,,,,,,,,,,,,,,,,,,,
," 40,000.00 ",0.004%, Kaika KOL ,20% @TGE & linear vesting over 3 months,0x8EAe2550B728D4141e94ea2087F5954e7C1F519F,20%," 8,000.00 ",,,,27%," 10,800.00 ",26%," 10,400.00 ",27%," 10,800.00 ",,,,,,,,,,,,,,,,,,,,,,,,,,,,,,,,,,,,,,,,,,,,,,,,,,,,,,,,,,,,,,,,,,,,,,,,,,,,,,,,,,,,,,,,,,,,,,,,,,,
," 53,333.33 ",0.005%, Kaika KOL ,20% @TGE & linear vesting over 3 months,0xAc027974A173A9Cb07D93Cf92F386f808B787885,20%," 10,666.67 ",,,,27%," 14,400.00 ",26%," 13,866.67 ",27%," 14,400.00 ",,,,,,,,,,,,,,,,,,,,,,,,,,,,,,,,,,,,,,,,,,,,,,,,,,,,,,,,,,,,,,,,,,,,,,,,,,,,,,,,,,,,,,,,,,,,,,,,,,,
," 58,333.33 ",0.006%, Kaika KOL ,20% @TGE & linear vesting over 3 months,0xd33BCbD6920aeF002A486BDd4e3d943cb5920461,20%," 11,666.67 ",,,,27%," 15,750.00 ",26%," 15,166.67 ",27%," 15,750.00 ",,,,,,,,,,,,,,,,,,,,,,,,,,,,,,,,,,,,,,,,,,,,,,,,,,,,,,,,,,,,,,,,,,,,,,,,,,,,,,,,,,,,,,,,,,,,,,,,,,,
," 56,666.67 ",0.006%, Kaika KOL ,20% @TGE & linear vesting over 3 months,0x32Bf8145749949Ee6E59bad2BE9515D5C1EF20fa,20%," 11,333.33 ",,,,27%," 15,300.00 ",26%," 14,733.33 ",27%," 15,300.00 ",,,,,,,,,,,,,,,,,,,,,,,,,,,,,,,,,,,,,,,,,,,,,,,,,,,,,,,,,,,,,,,,,,,,,,,,,,,,,,,,,,,,,,,,,,,,,,,,,,,
," 66,666.67 ",0.007%, Kaika KOL ,20% @TGE & linear vesting over 3 months,0xa7683256Acfda979Cb550DdC88F439085E5B3D82,20%," 13,333.33 ",,,,27%," 18,000.00 ",26%," 17,333.33 ",27%," 18,000.00 ",,,,,,,,,,,,,,,,,,,,,,,,,,,,,,,,,,,,,,,,,,,,,,,,,,,,,,,,,,,,,,,,,,,,,,,,,,,,,,,,,,,,,,,,,,,,,,,,,,,
," 40,000.00 ",0.004%, Kaika KOL ,20% @TGE & linear vesting over 3 months,0xC1e22B04CA074F171F711BD781A2803bc2131A6D,20%," 8,000.00 ",,,,27%," 10,800.00 ",26%," 10,400.00 ",27%," 10,800.00 ",,,,,,,,,,,,,,,,,,,,,,,,,,,,,,,,,,,,,,,,,,,,,,,,,,,,,,,,,,,,,,,,,,,,,,,,,,,,,,,,,,,,,,,,,,,,,,,,,,,
," 46,666.67 ",0.005%, Kaika KOL ,20% @TGE & linear vesting over 3 months,0x306EF7276c40a8Aa8c51349665C69C1f4CeFd01D,20%," 9,333.33 ",,,,27%," 12,600.00 ",26%," 12,133.33 ",27%," 12,600.00 ",,,,,,,,,,,,,,,,,,,,,,,,,,,,,,,,,,,,,,,,,,,,,,,,,,,,,,,,,,,,,,,,,,,,,,,,,,,,,,,,,,,,,,,,,,,,,,,,,,,
," 33,333.33 ",0.003%, Kaika KOL ,20% @TGE & linear vesting over 3 months,0x5f721EC76b4690C1B07B7E909C7231F7e1c9F6aA,20%," 6,666.67 ",,,,27%," 9,000.00 ",26%," 8,666.67 ",27%," 9,000.00 ",,,,,,,,,,,,,,,,,,,,,,,,,,,,,,,,,,,,,,,,,,,,,,,,,,,,,,,,,,,,,,,,,,,,,,,,,,,,,,,,,,,,,,,,,,,,,,,,,,,
," 33,333.33 ",0.003%, Kaika KOL ,20% @TGE & linear vesting over 3 months,0xAF07eC56dBd8c5c657c18a0b91B7AbAAc753554e,20%," 6,666.67 ",,,,27%," 9,000.00 ",26%," 8,666.67 ",27%," 9,000.00 ",,,,,,,,,,,,,,,,,,,,,,,,,,,,,,,,,,,,,,,,,,,,,,,,,,,,,,,,,,,,,,,,,,,,,,,,,,,,,,,,,,,,,,,,,,,,,,,,,,,
," 11,666.67 ",0.001%, Kaika KOL ,20% @TGE & linear vesting over 3 months,0xB835d66405CcA31F8782260Ee65b2EBD8F1032A1,20%," 2,333.33 ",,,,27%," 3,150.00 ",26%," 3,033.33 ",27%," 3,150.00 ",,,,,,,,,,,,,,,,,,,,,,,,,,,,,,,,,,,,,,,,,,,,,,,,,,,,,,,,,,,,,,,,,,,,,,,,,,,,,,,,,,,,,,,,,,,,,,,,,,,
," 48,000.00 ",0.005%, Kaika KOL ,20% @TGE & linear vesting over 3 months,0x91756819Ca22B93F8AE089DB06D51cD4fBa3F7A5,20%," 9,600.00 ",,,,27%," 12,960.00 ",26%," 12,480.00 ",27%," 12,960.00 ",,,,,,,,,,,,,,,,,,,,,,,,,,,,,,,,,,,,,,,,,,,,,,,,,,,,,,,,,,,,,,,,,,,,,,,,,,,,,,,,,,,,,,,,,,,,,,,,,,,
," 26,666.67 ",0.003%, Kaika KOL ,20% @TGE & linear vesting over 3 months,0x9317F23CD516257655447EdaABCb278349194546,20%," 5,333.33 ",,,,27%," 7,200.00 ",26%," 6,933.33 ",27%," 7,200.00 ",,,,,,,,,,,,,,,,,,,,,,,,,,,,,,,,,,,,,,,,,,,,,,,,,,,,,,,,,,,,,,,,,,,,,,,,,,,,,,,,,,,,,,,,,,,,,,,,,,,
," 20,000.00 ",0.002%, Kaika KOL ,20% @TGE & linear vesting over 3 months,0x11CE7e9558F2006D1C7564882500ABfa9dc1288c,20%," 4,000.00 ",,,,27%," 5,400.00 ",26%," 5,200.00 ",27%," 5,400.00 ",,,,,,,,,,,,,,,,,,,,,,,,,,,,,,,,,,,,,,,,,,,,,,,,,,,,,,,,,,,,,,,,,,,,,,,,,,,,,,,,,,,,,,,,,,,,,,,,,,,
," 60,000.00 ",0.006%, Kaika KOL ,20% @TGE & linear vesting over 3 months,0x2E2bD365b570a039aAE3f8aCE7483E711294d2db,20%," 12,000.00 ",,,,27%," 16,200.00 ",26%," 15,600.00 ",27%," 16,200.00 ",,,,,,,,,,,,,,,,,,,,,,,,,,,,,,,,,,,,,,,,,,,,,,,,,,,,,,,,,,,,,,,,,,,,,,,,,,,,,,,,,,,,,,,,,,,,,,,,,,,
," 73,333.33 ",0.007%, Kaika KOL ,20% @TGE & linear vesting over 3 months,0xb6fbE3B43bDe495b6bad07F3e90E0FeD3A72FF6F,20%," 14,666.67 ",,,,27%," 19,800.00 ",26%," 19,066.67 ",27%," 19,800.00 ",,,,,,,,,,,,,,,,,,,,,,,,,,,,,,,,,,,,,,,,,,,,,,,,,,,,,,,,,,,,,,,,,,,,,,,,,,,,,,,,,,,,,,,,,,,,,,,,,,,
," 26,666.67 ",0.003%, Kaika KOL ,20% @TGE & linear vesting over 3 months,0x9f4860e2E8c2F2fab0A84Eb87447C32F5e4Ba230,20%," 5,333.33 ",,,,27%," 7,200.00 ",26%," 6,933.33 ",27%," 7,200.00 ",,,,,,,,,,,,,,,,,,,,,,,,,,,,,,,,,,,,,,,,,,,,,,,,,,,,,,,,,,,,,,,,,,,,,,,,,,,,,,,,,,,,,,,,,,,,,,,,,,,
," 60,000.00 ",0.006%, Kaika KOL ,20% @TGE & linear vesting over 3 months,0x61049b3c02E78f8790b639E22AC3DC111899b8Cb,20%," 12,000.00 ",,,,27%," 16,200.00 ",26%," 15,600.00 ",27%," 16,200.00 ",,,,,,,,,,,,,,,,,,,,,,,,,,,,,,,,,,,,,,,,,,,,,,,,,,,,,,,,,,,,,,,,,,,,,,,,,,,,,,,,,,,,,,,,,,,,,,,,,,,
," 133,333.33 ",0.013%, Kaika KOL ,20% @TGE & linear vesting over 3 months,0x57aa1b0418e8d91e04B56b7c49507e354caF375D,20%," 26,666.67 ",,,,27%," 36,000.00 ",26%," 34,666.67 ",27%," 36,000.00 ",,,,,,,,,,,,,,,,,,,,,,,,,,,,,,,,,,,,,,,,,,,,,,,,,,,,,,,,,,,,,,,,,,,,,,,,,,,,,,,,,,,,,,,,,,,,,,,,,,,
," 26,666.67 ",0.003%, Kaika KOL ,20% @TGE & linear vesting over 3 months,0x73141a02d47cb044BF424a7f22f8b7cDfA0Eb0f4,20%," 5,333.33 ",,,,27%," 7,200.00 ",26%," 6,933.33 ",27%," 7,200.00 ",,,,,,,,,,,,,,,,,,,,,,,,,,,,,,,,,,,,,,,,,,,,,,,,,,,,,,,,,,,,,,,,,,,,,,,,,,,,,,,,,,,,,,,,,,,,,,,,,,,
," 20,000.00 ",0.002%, Kaika KOL ,20% @TGE & linear vesting over 3 months,0x507d27994C565d8d8237fBD41950C05158e13D10,20%," 4,000.00 ",,,,27%," 5,400.00 ",26%," 5,200.00 ",27%," 5,400.00 ",,,,,,,,,,,,,,,,,,,,,,,,,,,,,,,,,,,,,,,,,,,,,,,,,,,,,,,,,,,,,,,,,,,,,,,,,,,,,,,,,,,,,,,,,,,,,,,,,,,
," 500,000.00 ",0.050%, Partner E ,20% @TGE & linear vesting over 3 months, 0xE0bB0e0ce8AEFdD0865076E8A535d91f278ed40C ,20%," 100,000.00 ",,,,27%," 135,000.00 ",26%," 130,000.00 ",27%," 135,000.00 ",,,,,,,,,,,,,,,,,,,,,,,,,,,,,,,,,,,,,,,,,,,,,,,,,,,,,,,,,,,,,,,,,,,,,,,,,,,,,,,,,,,,,,,,,,,,,,,,,,,
